{
  "kind": "collectionType",
  "collectionName": "job_openings",
  "info": {
    "singularName": "job-opening",
    "pluralName": "job-openings",
    "displayName": "Job-Opening",
    "description": ""
  },
  "options": {
    "draftAndPublish": true
  },
  "pluginOptions": {},
  "attributes": {
    "title": {
      "type": "string",
      "required": true
    },
    "position": {
      "type": "string"
    },
    "location": {
      "type": "string"
    },
    "apply": {
      "type": "string"
    },
    "cardDescription": {
      "type": "text"
    },
    "googleFormLink": {
      "type": "string"
    },
    "jobDescription": {
      "type": "richtext"
    },
    "closingDate": {
      "type": "string"
    },
    "postedOn": {
      "type": "string"
    },
    "tags": {
      "type": "string"
    }
  }
}