{
  "kind": "collectionType",
  "collectionName": "headers",
  "info": {
    "singularName": "header",
    "pluralName": "headers",
    "displayName": "Header",
    "description": ""
  },
  "options": {
    "draftAndPublish": true
  },
  "pluginOptions": {},
  "attributes": {
    "title": {
      "type": "string"
    },
    "contentUrl": {
      "type": "string"
    },
    "subMenu": {
      "type": "component",
      "repeatable": true,
      "component": "sub-menu.sub-menu"
    },
    "newTab": {
      "type": "boolean",
      "required": true,
      "default": false
    }
  }
}
