{
  "kind": "collectionType",
  "collectionName": "accordions",
  "info": {
    "singularName": "accordion",
    "pluralName": "accordions",
    "displayName": "Accordion",
    "description": ""
  },
  "options": {
    "draftAndPublish": true
  },
  "pluginOptions": {},
  "attributes": {
    "title": {
      "type": "string"
    },
    "slug": {
      "type": "uid",
      "targetField": "title",
      "required": true
    },
    "accordian": {
      "displayName": "football",
      "type": "component",
      "repeatable": true,
      "component": "accordian.football"
    }
  }
}
