{
  "kind": "collectionType",
  "collectionName": "deals",
  "info": {
    "singularName": "deal",
    "pluralName": "deals",
    "displayName": "deal",
    "description": ""
  },
  "options": {
    "draftAndPublish": true
  },
  "pluginOptions": {},
  "attributes": {
    "config": {
      "type": "component",
      "repeatable": false,
      "component": "deals.config"
    },
    "cardContent": {
      "type": "component",
      "repeatable": true,
      "component": "deals.card-content"
    },
    "appCountry": {
      "type": "string"
    },
    "appLanguage": {
      "type": "string"
    }
  }
}
