{
  "collectionName": "components_sub_menu_sub_menus",
  "info": {
    "displayName": "subMenu",
    "icon": "align-left",
    "description": ""
  },
  "options": {},
  "attributes": {
    "subMenuTitle": {
      "type": "string"
    },
    "subMenuContentUrl": {
      "type": "string"
    },
    "subSubMenu": {
      "displayName": "menuSub",
      "type": "component",
      "repeatable": true,
      "component": "sub-menu.menu-sub"
    },
    "subMenuNewTab": {
      "type": "boolean",
      "default": false
    }
  }
}
