{
  "collectionName": "components_promo_cards",
  "info": {
    "displayName": "Card",
    "icon": "address-card",
    "description": ""
  },
  "options": {},
  "attributes": {
    "cardTitle": {
      "type": "string"
    },
    "cardDescription": {
      "type": "text"
    },
    "cardImage": {
      "type": "media",
      "multiple": false,
      "required": true,
      "allowedTypes": [
        "images",
        "files",
        "videos",
        "audios"
      ]
    },
    "cardIcon": {
      "type": "media",
      "multiple": false,
      "required": false,
      "allowedTypes": [
        "images",
        "videos",
        "audios",
        "files"
      ]
    },
    "cardUrl": {
      "type": "string"
    },
    "boxText": {
      "type": "richtext"
    }
  }
}
