{
  "kind": "collectionType",
  "collectionName": "airport_details",
  "info": {
    "singularName": "airport-detail",
    "pluralName": "airport-details",
    "displayName": "Airport Detail",
    "description": ""
  },
  "options": {
    "draftAndPublish": true
  },
  "pluginOptions": {},
  "attributes": {
    "airportName": {
      "type": "string",
      "required": true
    },
    "slug": {
      "type": "uid",
      "targetField": "airportName"
    },
    "airportCountry": {
      "type": "string",
      "required": true
    },
    "airportTimeZone": {
      "type": "string",
      "required": true
    },
    "airportAddress": {
      "type": "text",
      "required": true
    },
    "ICAO_Code": {
      "type": "string",
      "required": true
    },
    "IATA_Code": {
      "type": "string",
      "required": true
    },
    "latitude_deg": {
      "type": "float"
    },
    "longitude_deg": {
      "type": "float",
      "required": false
    },
    "Search_string": {
      "type": "text"
    },
    "otherInfo1": {
      "type": "string"
    },
    "otherInfo2": {
      "type": "string"
    },
    "otherInfo3": {
      "type": "text"
    },
    "airportRegion": {
      "type": "string",
      "required": true
    },
    "countryCode": {
      "type": "string"
    }
  }
}
