{
  "kind": "collectionType",
  "collectionName": "ongoingpromos",
  "info": {
    "singularName": "ongoingpromo",
    "pluralName": "ongoingpromos",
    "displayName": "ongoingpromo",
    "description": ""
  },
  "options": {
    "draftAndPublish": true
  },
  "pluginOptions": {},
  "attributes": {
    "text": {
      "type": "string",
      "required": true
    },
    "slug": {
      "type": "uid",
      "targetField": "text"
    },
    "mediaImage": {
      "type": "media",
      "multiple": true,
      "required": false,
      "allowedTypes": [
        "images",
        "files",
        "videos",
        "audios"
      ]
    },
    "mobileBannerImage": {
      "type": "media",
      "multiple": true,
      "required": false,
      "allowedTypes": [
        "images",
        "files",
        "videos",
        "audios"
      ]
    },
    "bannerHeading": {
      "type": "richtext"
    },
    "middleContentHeading": {
      "type": "string"
    },
    "middleContentDescription": {
      "type": "text"
    },
    "carouselHeading": {
      "type": "string"
    },
    "carouselDescription": {
      "type": "text"
    },
    "carouselTxtImg": {
      "type": "component",
      "repeatable": true,
      "component": "promotions.card"
    },
    "classHeading": {
      "type": "string"
    },
    "classHeadingText": {
      "type": "richtext"
    },
    "classBoxes": {
      "type": "component",
      "repeatable": true,
      "component": "promotions.card"
    },
    "airportInfoHeading": {
      "type": "string"
    },
    "airportTabs": {
      "type": "component",
      "repeatable": true,
      "component": "airport.airportinformation"
    },
    "airportserviceheading1": {
      "type": "string"
    },
    "services1": {
      "type": "component",
      "repeatable": true,
      "component": "airportservice.airportservice"
    },
    "faqs": {
      "type": "component",
      "repeatable": true,
      "component": "accordian.football"
    },
    "defaultFrom": {
      "type": "string"
    },
    "defaultFromCode": {
      "type": "string"
    },
    "destinationName": {
      "type": "string"
    },
    "destinationCode": {
      "type": "string"
    },
    "bookingContent": {
      "type": "text"
    },
    "services2": {
      "type": "component",
      "repeatable": true,
      "component": "airportservice.airportservice"
    },
    "airportserviceheading2": {
      "type": "string"
    },
    "seo": {
      "type": "component",
      "repeatable": false,
      "component": "shared.seo"
    },
    "carouselFooter": {
      "type": "richtext"
    },
    "countryCode": {
      "type": "string"
    },
    "code": {
      "type": "string"
    }
  }
}
