{
  "collectionName": "components_deals_displays",
  "info": {
    "displayName": "display"
  },
  "options": {},
  "attributes": {
    "priority": {
      "type": "string"
    },
    "cardId": {
      "type": "string"
    },
    "title": {
      "type": "string"
    },
    "banner": {
      "allowedTypes": [
        "images",
        "files",
        "videos",
        "audios"
      ],
      "type": "media",
      "multiple": false
    },
    "primaryMessage": {
      "type": "text"
    },
    "primaryButton": {
      "type": "string"
    },
    "dismissButton": {
      "type": "string"
    }
  }
}
