{
  "collectionName": "components_airportservice_airportservices",
  "info": {
    "displayName": "airportservice",
    "description": ""
  },
  "options": {},
  "attributes": {
    "servicedescription": {
      "type": "string"
    },
    "serviceimage": {
      "type": "media",
      "multiple": false,
      "required": false,
      "allowedTypes": [
        "images",
        "files",
        "videos",
        "audios"
      ]
    },
    "carouselFooterDescription": {
      "type": "richtext"
    },
    "classHeadingText": {
      "type": "richtext"
    }
  }
}
