{
  "kind": "collectionType",
  "collectionName": "promotions",
  "info": {
    "singularName": "promotion",
    "pluralName": "promotions",
    "displayName": "Promotion",
    "description": ""
  },
  "options": {
    "draftAndPublish": true
  },
  "pluginOptions": {},
  "attributes": {
    "title": {
      "type": "string",
      "required": true
    },
    "slug": {
      "type": "uid",
      "targetField": "title",
      "required": true
    },
    "breadcrumbs": {
      "type": "component",
      "repeatable": true,
      "component": "breadcrumbs.breadcrumbs"
    },
    "seo": {
      "type": "component",
      "repeatable": false,
      "component": "shared.seo"
    },
    "keywords": {
      "type": "text"
    },
    "preventIndexing": {
      "type": "boolean",
      "default": false
    },
    "mainContent": {
      "type": "richtext"
    },
    "mediaImage": {
      "type": "media",
      "multiple": true,
      "required": false,
      "allowedTypes": [
        "images",
        "files",
        "videos",
        "audios"
      ]
    },
    "promoCard": {
      "type": "component",
      "repeatable": true,
      "component": "promotions.card"
    },
    "heroHeading": {
      "type": "richtext"
    },
    "heroContent": {
      "type": "richtext"
    },
    "mainContentHeading": {
      "type": "richtext"
    },
    "middleContentHeading": {
      "type": "richtext"
    },
    "middleContentDescription": {
      "type": "richtext"
    },
    "mediaImageMobile": {
      "type": "media",
      "multiple": true,
      "required": false,
      "allowedTypes": [
        "images",
        "files",
        "videos",
        "audios"
      ]
    },
    "defaultFrom": {
      "type": "string"
    },
    "defaultFromCode": {
      "type": "string"
    },
    "bannerHeroHeading": {
      "type": "string"
    },
    "bannerHeroContent": {
      "type": "text"
    }
  }
}
